prenom,nom,structure,photo
Francois,Bernard,DIRECTION,Bernard_Francois.jpg
Alice,Durand,DIRECTION,Durand_Alice.jpg
Isabelle,Faure,DIRECTION,Faure_Isabelle.jpg
Nathalie,Garcia,DIRECTION,Garcia_Nathalie.jpg
Nicolas,Gauthier,DIRECTION,Gauthier_Nicolas.jpg
Marc,Laurent,PRODUCTION,Laurent_Marc.jpg
Julien,Lefevre,PRODUCTION,Lefevre_Julien.jpg
Claire,Lemoine,PRODUCTION,Lemoine_Claire.jpg
Bob,Martin,PRODUCTION,Martin_Bob.jpg
David,Morel,PRODUCTION,Morel_David.jpg
Elodie,Petit,COMMERCIAL,Petit_Elodie.jpg
Thomas,Renault,COMMERCIAL,Renault_Thomas.jpg
Sophie,Robert,COMMERCIAL,Robert_Sophie.jpg
Chloe,Roussel,COMMERCIAL,Roussel_Chloe.jpg
